{
    "loss": 0.7258630990982056,
    "accuracy": 0.9051724076271057
}