{
    "loss": 0.7723575830459595,
    "accuracy": 0.9482758641242981
}